,/'Untitled'/'AE_RAW_Aufnahme'_fft_energy,/'Untitled'/'AE_RAW_Aufnahme'_fft_skewness,/'Untitled'/'AE_RAW_Futter'_fft_skewness,/'Untitled'/'AE_RAW_Futter'_fft_kurtosis,/'Untitled'/'AE_RAW_Aufnahme'_fft_kurtosis,/'Untitled'/'AE_RAW_Futter'_fft_mean,/'Untitled'/'AE_RAW_Aufnahme'_fft_standarddeviation,/'Untitled'/'AE_RAW_Aufnahme'_fft_mean,/'Untitled'/'AE_RAW_Aufnahme'_fft_autocorrelation,/'Untitled'/'Fz'_signal_mean
400,7906981635.716389,5.23063012359541,3.819226903408628,19.850521995269123,71.33691256823306,105.0595714713622,177.59527297105794,116.80184597183849,0.6532051058853732,961.4681925131877
401,7155534716.576476,10.046872690944298,4.155942555651336,25.01374077031229,387.8394742579332,91.14021911213848,172.1323553107499,106.10948149992167,0.6198126949705405,991.3464354654127
402,7913241162.557225,5.391789727989478,3.8298263847324283,20.086749044500227,78.58796030837392,103.9243735017597,178.5249118255181,115.53084777058214,0.6578850557154179,965.729813681078
403,7228843570.905604,11.286758012757733,4.0141035217977885,22.128598192903482,510.56507610858773,91.70716740902382,172.89241146416916,106.84517586740402,0.6186366408614549,989.5544680084043
404,7016779879.430557,9.384265838800848,4.060806703328762,22.687522254228156,328.8100878324827,89.74723203358816,170.5668977340446,104.89432025949465,0.6313051442257309,990.8879721577744
405,7329222940.268988,9.513984413361312,4.041098659949803,22.78147620541936,353.17899165493964,91.16255739535582,174.36575825837357,107.13475762504271,0.6318884755268129,987.1432558950914
406,7884814073.494209,9.235436297309832,4.0166295369488365,22.39335745835114,336.59688507041614,92.58420522995205,181.28873095862872,110.41049065816559,0.6444863309397731,989.3156360745824
407,5646358550.806897,12.65020576804354,3.6842989867395697,18.264956762995602,633.6985513775966,81.89970333019417,151.71010874576618,96.17145579099152,0.5931066465909232,983.8433648810104
408,5593496567.358131,12.450436329300587,3.5587445437834453,16.830753271658374,621.0655935661746,80.41480398693953,151.5408120190386,94.85894697060024,0.6026873553826434,983.2856737577496
409,5749352850.247373,12.598451458903446,3.5730866431599733,17.12325074628551,625.5619040456303,83.50907195970807,153.0208054288791,97.14977078950581,0.6001480608445021,981.3524595448387
410,5766018009.36445,12.122728682939913,3.5696324093451235,17.44191128543176,593.2648554201993,83.62548637806702,153.0877642129129,97.53363926111342,0.6006473328214754,981.2217322169867
411,5941865349.520929,11.96282329356481,3.620026414415685,18.23408261083499,583.6548443163965,86.86176649799629,154.4614252376499,100.47479483199072,0.6066026952017074,989.0139583696373
412,7047615513.415881,9.829287827246471,3.930471830657189,21.384564954749173,365.06445786710736,86.76891883672957,171.3690738774927,104.42571123272856,0.626716898638192,981.1869377580183
413,7979441936.346631,5.382144875391437,3.845991060835384,20.249212250415408,76.3450663009045,102.47946268510559,179.8068782353587,115.17941484524378,0.6580169566599439,962.6981710579832
414,7241878307.049347,9.892872378498481,3.907326582345407,20.59964903583517,374.71128344630546,86.65720127895388,174.46166483648813,104.61973646042395,0.6328739152550962,980.534132108926
415,7524224048.374631,9.177788358179212,3.9436818517377623,21.093813247868255,307.3955050820205,88.13274396360116,178.39131039021657,105.69818526338852,0.6378636032687912,980.4371993736104
416,7472827242.567383,9.330885535209694,4.011721190294813,22.029134686651613,325.996949918581,86.64504228231255,178.3808870670905,104.31744382741456,0.6459712483016741,979.2176718136296
417,8108690423.608092,8.880379214851411,3.850189388686096,19.93702634083195,300.85413946261724,95.0971386388413,182.74559795838056,113.75157263098858,0.6387180565928252,984.8568321708788
418,8187909327.707746,8.6062731102014,3.5703857845625,17.277398244687742,259.8820961745154,93.6747872609261,187.0392444949783,108.64793748587613,0.6521072320185574,977.4558766651994
419,8402296876.086655,8.691353257530336,3.572691814575398,17.279680880560857,261.4855137934826,94.87240411592977,189.1738495925601,110.57296069356607,0.6479264142605174,974.6641997530356
420,8554063841.519747,8.739279440776983,3.5307436380304336,16.785040539308895,277.07333743466586,96.76268468995428,190.39784441636328,112.37893775208313,0.6426235688586298,980.151108872088
421,8685841106.236048,8.138913375087661,3.4625905990584664,15.830232444733264,227.74642756215061,97.6206050439369,191.38053511858288,114.04765901869754,0.6449930530047999,981.5973985497212
422,8980058178.81403,8.62858237229547,3.4841853383669963,16.34793653286431,284.4729311338231,99.65707567571816,194.11713833297276,116.76110127122436,0.6480967067011776,987.0273420645036
423,8213569821.792858,8.500947390248783,3.5485382509663626,16.498875856012834,280.1513454285316,101.60143445674385,184.7840237583295,113.09088937505206,0.6410040467229849,976.2221032404628
424,8495692071.962213,4.9521943992520345,3.7077816802486874,18.571118772871664,60.15648506378145,107.51727388839576,183.44869852608898,122.03846462844488,0.6628745610331099,957.3530383859712
425,8345683218.24655,8.170402386448044,3.6338755803862512,17.60409720832071,248.0444495413253,102.96700748404328,185.90533401247214,114.58108559309186,0.6346267416930621,978.0757923628148
426,8412788792.063297,8.391050695817652,3.59721420066352,17.85697641458381,271.1801729929143,106.65283034220872,184.97179871989638,117.72218350895659,0.6318393190465381,984.0677203261214
427,8694048151.71318,8.415599559568797,3.589959252135814,17.294056018405257,271.1302955961834,105.17790296820448,189.19086748868872,117.8435013546533,0.6335306323179338,975.7643645384044
428,8544310697.847404,8.339588592399371,3.6164916348277254,17.485207325949162,274.2172506846503,104.1111779289822,188.17477726556552,115.8226478724382,0.6412683538713011,985.0852897465596
429,7650131531.268166,9.13192692342051,3.869847550022131,20.87128485193722,323.075097065938,96.06263224018795,178.14629484307054,109.44832093375463,0.6333522748318068,974.6055892792148
430,7782935140.82648,8.661670857112995,3.800853110451297,19.84838135900242,283.6963410561322,98.37461431279762,178.61408591783595,112.12012933533804,0.6371588641654043,978.3077881562932
431,7762596236.117349,9.107234220382004,3.7843515418016405,19.459134010523783,314.7551555107284,94.1118135625945,180.69150627113885,108.20477040907406,0.6349826691817424,977.9649247330991
432,7944728784.458896,9.19697911606357,3.96227529341317,22.31850797702884,329.30194086914,95.52150323265327,182.84300422539886,109.3932630591972,0.6389674220317011,983.6841681420856
433,8711457685.397625,8.592356094585426,3.8088882324565088,20.438787304002076,277.1824757920846,99.34468958684765,190.94022372085877,115.41918890592056,0.6390501170041766,989.2866079583928
434,9046116304.223787,8.222545472993236,3.6409568713665816,18.337680057037907,241.106710848728,96.07477785286423,195.30687125142742,116.39295171517637,0.6445633195132611,980.8023961228321
435,10142629138.38913,4.982762165868787,3.8979381376624613,21.576025954343848,53.23447680411943,104.53337240997404,204.52711001503818,126.99032270095032,0.6762758230829874,946.8999980475877
436,9026400225.210508,7.477618231335933,3.65851400762967,18.80907028093785,177.94707735408596,96.86780517353279,195.08976238708516,116.27301694759804,0.6555625588004897,980.140507609738
437,9360290380.90676,8.271125789557027,3.5478909548124675,17.37330472897369,237.95730143270927,95.53498538540424,200.0409334752342,116.0646308723655,0.6449250365896324,985.4417748619452
438,9727057580.023315,7.6576203022112255,3.552484475765779,17.556772633702778,191.36713206115678,98.00024468676786,203.7354205566228,118.6383773581626,0.6571042221582627,985.6312726124933
439,9787130593.312193,7.637641042346168,3.6305683392431067,19.134222182644397,190.1923668905616,98.1141417194959,204.82435211471784,118.20932837132038,0.6622025252103872,993.8313884717501
440,8986142647.097954,8.163091339914889,3.9885253886542182,22.71264320453522,245.0323434088376,96.09479958296271,194.15571535238456,116.84581614610448,0.6361065325911489,987.1764337545433
441,8975642084.859476,7.971501037891301,3.9481349717026415,21.210717318391584,229.93530778646652,96.12704171097772,193.75701983917375,117.25016249496731,0.6456144647307017,983.910196726776
442,9246244307.098705,8.075965928426008,4.091656923405283,23.779209364390024,238.4931469402545,97.19601524777357,197.32698559441727,117.88868695116764,0.6464783319097828,986.5824520924184
443,9585068224.508266,7.638382369468148,4.054975395139463,23.15933361303556,191.2851798920097,96.6369194636108,202.1278352203222,117.96676080535481,0.6555261618127062,984.490199601564
444,10701178768.970644,7.5379744517790535,3.9660745774811437,22.201871615066587,196.05037284791962,102.1627850413269,213.13577491764886,125.390328238664,0.6580136929816423,992.1639207519188
445,8615173350.135065,8.511355582896906,4.213738157374493,23.7938596946007,275.7593087979103,103.55300633321,189.42069009978755,115.53944851388229,0.6340815542378639,984.976609324656
446,10081216925.02785,4.9609519428366164,3.929949583046697,22.085342328694853,50.8631892996005,105.14900553095737,203.50962655728284,127.24301849538642,0.6725011037645059,936.403684472196
447,8736002016.226368,8.123773688695069,4.223707956033591,24.273181711316376,246.6229788668811,104.72592602927813,190.4213971163797,116.87473226296422,0.6352829536940622,984.4686794109604
448,8843640861.275265,8.033305321414847,4.260383584409073,24.90703796910921,234.00489296464318,104.47100645521627,191.99016281291514,116.93959132359328,0.6356901497515921,988.7571742209548
449,9425119470.574228,7.9859624241807134,4.3383479123150765,26.093793361389764,225.53578815993285,107.73196467763096,198.54247155136247,120.16119397049476,0.6401689627329279,988.6186733779876
450,10418159365.088856,7.809297296962005,4.376946799585088,27.666928682842787,216.5991337056238,111.5157442688567,210.0826020525602,124.08722554680986,0.6491784373088014,1005.9312631256619
451,8595136049.398146,5.402719845477061,3.831682974975698,20.512227042640752,65.13885056013329,107.2458516733997,187.3435598073024,118.39532819391857,0.6693253070653213,985.9754513361763
452,8811941843.921614,5.601022645825808,3.8265697443569793,20.398198456529588,76.11687652804251,107.1028095861537,190.29693563378345,118.91606149814012,0.6689071456347587,987.2883637423371
453,9171762130.5845,5.638040646739651,3.758344721990515,19.48164293832561,75.22298654500918,109.74595831151407,193.77039469036174,121.91432835875842,0.6616020601596719,981.1368306125283
454,9421477287.549507,5.660468929275131,3.7659304535171603,19.18094506795616,73.55629612519337,110.45889419737692,196.7615161998653,122.97121132379543,0.6644535462934437,985.5056078523843
455,10096401865.635069,5.178424410603168,3.7714624899187177,19.572816292109174,54.31031956596488,113.48602625127701,203.75593309697663,127.18979783876719,0.6729447053428795,994.0333934800252
456,9854697278.110876,5.1068354569681285,3.750857235098259,18.620607935976878,54.09363788988954,105.44274036072879,200.9541701883953,126.21401411417328,0.6748270379166859,984.6555599516155
457,10505107574.279318,4.881310085111637,4.003496972954242,23.39504638003671,49.411610145217296,106.45642594545002,208.25811220793148,129.06488615548207,0.6815254993336531,938.0516600043144
458,9795417184.724182,5.2324469520323635,3.79473178872194,19.531119965830488,59.323070473295175,105.86803157163205,199.93785827353926,126.48583048360891,0.669406835144999,992.4495909226853
459,10057746813.778948,5.04581997517945,3.7800497854938935,18.872920270423275,53.34385723900589,106.35669464434766,203.15836050217308,127.27733299354112,0.6762548225395774,987.6881518526574
460,10125839224.089249,5.0917175413943605,3.810214989310516,19.464117210243888,54.646097075574026,105.9868998011718,203.8066172983318,127.76854530274055,0.6699755215748274,994.6216556681212
461,10725427378.407578,4.7685591548044775,3.730949774553479,18.960804419190325,45.23407913965622,111.06340690847368,207.74802187331696,134.64366251616562,0.6750358444610366,991.2977046241574
462,8109452410.974328,5.493211121872048,3.9533120516868183,21.044093609567074,68.07970764247925,107.75992979875194,181.76874922994972,115.32497503182077,0.6765345034965744,980.3077694914772
463,8307709991.34516,5.531317679204742,3.981386330960455,21.470932472949073,68.94912702455116,108.98508081115558,184.12266714999797,116.4966607398831,0.6647738839409061,985.9928076485044
464,8427966045.2817,5.527922957686132,3.8613674703583882,19.568414931469206,70.55496274750723,111.61562562478865,184.3101385397846,119.12001848758972,0.6710714230327764,982.3844161801967
465,8823920482.988014,5.626340113662226,3.9129498711904023,20.375729592904836,67.28626508785953,109.97265357891676,190.70451075797345,118.55037889645664,0.6645295775079905,982.4530096953964
466,9137820131.592165,5.356289194855945,3.85471068686827,20.33604157405949,60.660503344499425,113.01558158360494,192.99873754483104,122.34215276743713,0.6731395303159323,990.1952879074786
467,9631041217.44758,5.28549351417241,3.9998225997281303,22.225830188295078,60.328334011494476,106.79816320593426,199.51423150276244,123.40418416901312,0.6772532913064845,991.3903403144652
468,10495246004.346058,4.9184625579666985,4.004258732973021,23.081812033033934,50.2495474490262,105.71121643151837,208.50792845901654,128.44173029151608,0.6814314750198379,906.381514318585
469,9589444101.563835,5.149917990174908,3.9408428835258666,21.12332002385365,53.25817999493829,107.80178050280294,198.63182759064196,123.86371747008535,0.6750922953115389,982.6513351356972
470,9939328233.600992,5.044396607742971,3.99299552376212,22.471206574097547,49.75089713110106,110.12905874893559,201.1586329563237,127.79423195905922,0.6780662381790035,984.1237381403363
471,10686263372.745766,5.16835886563013,3.917453069296437,21.189815833430593,53.5359931900278,109.5649861909796,211.16129652033868,128.35602433008543,0.675737520356396,990.2481707238347
472,11651735794.719198,4.975237170761387,3.9810314975427294,22.54348659093505,44.70279701046242,114.17175285311552,220.01946511894147,134.80646263132277,0.6827197471910987,991.395385027448
473,9393550290.597998,5.154266765873149,3.864892834909826,19.79194399436004,60.40715234491265,109.58185174905137,194.97021538068162,125.15608393681536,0.6673062011652254,992.7524730798276
474,9754221586.98621,4.922456078736999,3.9340552828453954,21.24095296893248,54.83638956995711,111.73720881144017,198.5279008493113,127.7696429237346,0.6743740452884013,996.4613764184078
475,9390820542.39373,5.197157505951156,3.9260689302515237,20.980652651203297,58.52546825232401,105.63108640567577,196.35364725121488,122.91084932570757,0.668526781788986,984.0628623441388
476,9780492662.998795,5.05128868509499,3.903381325006678,20.859015033536235,53.25399845197163,109.12078769054793,199.6549147076541,126.59559445703314,0.6694630823314914,983.8290862825287
477,10612016687.991009,5.066163001009096,3.8075779270439263,19.804159241204832,50.901065382257954,110.7836541510747,208.74070480876946,130.64231135389022,0.6809383499146704,992.8394369087904
478,7863190747.313716,5.151939237811384,3.8240636737718083,19.51584022549541,68.62136892461821,105.29306619515141,177.24712433768673,116.2582275372328,0.6610378257177439,967.1348744914624
479,11956273196.42238,4.606540442594033,4.10712253435161,25.40594925810384,38.473946071218535,112.79254595188118,222.79209270402336,136.6939813999706,0.6857690962917798,884.243401055938
