,/'Untitled'/'AE_RAW_Futter'_fft_energy,/'Untitled'/'AE_RAW_Futter'_fft_standarddeviation,/'Untitled'/'AE_RAW_Futter'_fft_variance,/'Untitled'/'AE_RAW_Aufnahme'_signal_mean,/'Untitled'/'AE_RAW_Aufnahme'_fft_kurtosis,/'Untitled'/'AE_RAW_Aufnahme'_fft_skewness,/'Untitled'/'AE_RAW_Futter'_signal_mean,/'Untitled'/'AE_RAW_Futter'_signal_variance,/'Untitled'/'AE_RAW_Futter'ecD1,Reihenfolge
400,7105664676.099477,171.9484940073441,29566.284591393636,6.833741428618101e-06,71.33691256823306,5.23063012359541,-4.2807225988235556e-05,0.02735351532107704,6.4516799033084915,9
401,5104727713.860491,144.44145219023105,20863.3331108228,-0.00021949751279856652,387.8394742579332,10.046872690944298,-8.243525303651976e-05,0.01748599473500111,3.904368038689265,80
402,7050902968.254289,171.72826993997512,29490.598696576963,-4.954245777545303e-05,78.58796030837392,5.391789727989478,-2.476149086690224e-05,0.027148129248251145,6.258753425435738,8
403,5040866181.832848,142.81017140346373,20394.745056286687,-0.0002398291332540933,510.56507610858773,11.286758012757733,-7.810430552471639e-05,0.017694478105200726,4.062284420796816,79
404,5009121224.776907,143.41891157785756,20568.984198177324,-0.00012509765588687328,328.8100878324827,9.384265838800848,-7.005644811093281e-05,0.017360948258709024,3.8154359693159967,78
405,5125799460.832915,144.84360794480855,20979.6707624694,-0.00017864291617545266,353.17899165493964,9.513984413361312,-6.918770931383197e-05,0.017886555539535703,4.060758400351495,77
406,5239702343.535301,146.1824927640491,21369.32119071126,-0.00017821004612967976,336.59688507041614,9.235436297309832,-7.793106762432798e-05,0.01832314647488066,3.857438852128829,76
407,3923587526.7710295,125.35126145118556,15712.938747403477,-0.00024994406233345794,633.6985513775966,12.65020576804354,-0.00014205370861562901,0.014980523867879113,3.623977096093976,75
408,3845688109.982279,124.53441262643936,15508.819928212259,-0.0002714886163711614,621.0655935661746,12.450436329300587,-0.00013803126382669413,0.015123988598463197,3.851019671173904,74
409,4037224220.899065,126.87035741764144,16096.087591280091,-0.00020677482975534813,625.5619040456303,12.598451458903446,-0.00011292637914195748,0.015808777664637785,4.024807088272931,73
410,4038013996.099861,126.81144948320295,16081.143720030936,-0.00013953645589617528,593.2648554201993,12.122728682939913,-0.00010631560107468684,0.016007997121474618,4.006151442520768,72
411,4258127337.936207,129.56538788436478,16787.1897376259,-0.00017699684635251906,583.6548443163965,11.96282329356481,-8.66144223834116e-05,0.01650613702423163,3.919553769123018,71
412,4564794664.065959,136.21929254486977,18555.695661424816,-0.00019037672522549586,365.06445786710736,9.829287827246471,-0.00016058411414692034,0.016952943219990666,3.913750806178189,70
413,6931148171.4190035,170.60047100553143,29104.52070730917,-6.924133425425951e-05,76.3450663009045,5.382144875391437,-9.316789839102158e-05,0.02754853407626009,7.075552418296808,7
414,4698880875.55326,139.07292089692808,19341.277326803214,-0.00023458172003043516,374.71128344630546,9.892872378498481,-0.00012984159713208302,0.017145071607065892,3.954306424186424,69
415,4856513453.216981,141.36521809978746,19984.124888400474,-0.00021203574283518568,307.3955050820205,9.177788358179212,-0.0001909324416931153,0.01726746278259146,3.5133763725370315,68
416,4862670657.966139,142.40549891766295,20279.32612198851,-0.00023412188829988008,325.996949918581,9.330885535209694,-0.00015769732312784454,0.017806971942041117,4.160722235881408,67
417,5360304129.979503,146.92461855275846,21586.84353687357,-0.0002504361796360777,300.85413946261724,8.880379214851411,-0.00014446507517452463,0.019114328694279,4.063910651364253,66
418,5223637815.112694,145.1702213786333,21074.393175121393,-0.00037757642084867364,259.8820961745154,8.6062731102014,-0.00030142139059049936,0.01830394104891314,3.920811686081018,65
419,5243347421.842567,144.77987499972338,20961.212204935524,-0.000439116334167288,261.4855137934826,8.691353257530336,-0.00034194722600666195,0.01813730070887751,3.717764472301704,64
420,5330344448.130001,145.24494477868734,21096.093983763934,-0.00038834580775805896,277.07333743466586,8.739279440776983,-0.0002874140428633735,0.01846822089926141,3.846918144397497,63
421,5452156783.733521,147.05576864642237,21625.39909219009,-0.0004457945800660462,227.74642756215061,8.138913375087661,-0.00030506608315531987,0.01895476727352685,4.288425043897696,62
422,5636980267.563012,149.26413863487102,22279.78308240999,-0.0003736972465995287,284.4729311338231,8.62858237229547,-0.00030914400364352853,0.01929606233387274,4.033746443806473,61
423,6152465826.6846075,157.5883755147787,24834.0960973869,-0.0004107807438794035,280.1513454285316,8.500947390248783,-0.0002620563594501079,0.021224293364805257,3.840428277875493,60
424,7152876210.7635765,171.21219046209328,29313.61416282811,-1.7368687168531015e-05,60.15648506378145,4.9521943992520345,-6.15975454439035e-05,0.02879726026468993,7.07487471515927,6
425,6167183520.570567,156.96765290579975,24638.844058755625,-0.0005178166946134288,248.0444495413253,8.170402386448044,-0.00032145287418237065,0.02177087547852915,4.321988581107217,59
426,6382177885.601326,158.41326237950503,25094.761697717906,-0.0004539518778442714,271.1801729929143,8.391050695817652,-0.0003799736871188687,0.02223280867650797,4.541049915458473,58
427,6290756856.5732355,157.74913871325037,24884.79076477231,-0.00043974888800471566,271.1302955961834,8.415599559568797,-0.0004535806560827701,0.02205697692218431,4.4011053136015805,57
428,6407033229.746718,160.5380985496444,25772.481085935327,-0.000462155075136242,274.2172506846503,8.339588592399371,-0.00044415066233482656,0.022493213954895848,4.3480194324737775,56
429,5656615696.767677,151.97200056040018,23095.488954330278,-0.0005368878087522571,323.075097065938,9.13192692342051,-0.0004926325805505964,0.019949188253545237,4.0848830131708365,55
430,5715091894.422639,151.59189696991618,22980.10322693768,-0.0005003506183400494,283.6963410561322,8.661670857112995,-0.00043168046328714187,0.020536211908257617,4.286583842152015,54
431,5548361806.251665,151.1551889784529,22847.89115511181,-0.0005118313145869597,314.7551555107284,9.107234220382004,-0.0005133469327125244,0.01993216528577764,4.313172045467205,53
432,5708282786.831511,153.27883481442737,23494.40120206851,-0.0005247247042673779,329.30194086914,9.19697911606357,-0.00046912587542493917,0.020813312000834867,4.481532126186036,52
433,5886111601.933435,154.16081243465396,23765.55609051256,-0.0005843784404555451,277.1824757920846,8.592356094585426,-0.00044127003528188674,0.02168596652222856,4.940019281288634,51
434,5217712667.652606,143.47521743680218,20585.138018537662,-0.0005425027222945017,241.106710848728,8.222545472993236,-0.0005546573040981902,0.018914923769344963,4.316570426575783,50
435,6621436479.111156,164.0413177624249,26909.553933232866,-8.442121934170701e-05,53.23447680411943,4.982762165868787,-2.515453885976749e-05,0.030078577707470563,8.122497374305034,5
436,5316679816.820917,144.90567913492362,20997.655845553443,-0.0005731021054161077,177.94707735408596,7.477618231335933,-0.0005535313909183498,0.019321415457842373,4.1955265370054535,49
437,5177231908.309057,143.0288394017277,20457.24890060521,-0.0005925277524029769,237.95730143270927,8.271125789557027,-0.0005698419313957857,0.019712584963926614,4.823386445717853,48
438,5417399882.160525,146.12502453904543,21352.522796536632,-0.0005793011634499858,191.36713206115678,7.6576203022112255,-0.0005954355197008753,0.019771158485692414,4.375129677334863,47
439,5562457977.452639,148.85929380296983,22159.08935151889,-0.000599014908787064,190.1923668905616,7.637641042346168,-0.0005822945517225173,0.020257459853300862,4.48403103484784,46
440,5637610852.6671715,151.59389384539332,22980.708651208373,-0.0006532633404724541,245.0323434088376,8.163091339914889,-0.0006612370045067016,0.01936284254870577,4.108625239089179,45
441,5655701684.302507,151.91407831655192,23077.887190767462,-0.0007091038805816584,229.93530778646652,7.971501037891301,-0.0006714746681249892,0.019753612098318774,4.748013122361181,44
442,5840748723.97004,154.68885420116447,23928.64161406912,-0.0006811600903531491,238.4931469402545,8.075965928426008,-0.0007121453567563463,0.019963730041829924,4.242555000262699,43
443,5914863946.627877,156.3986200346503,24460.52834874292,-0.0007502133773121553,191.2851798920097,7.638382369468148,-0.0006776508865482222,0.020255923545141958,4.582441219194992,42
444,6413546073.396251,161.8999692949973,26211.600057721073,-0.0006752097339006097,196.05037284791962,7.5379744517790535,-0.0006565169280683112,0.02150775636850724,4.990576724705099,41
445,7186073965.141212,174.1839679194416,30340.05468016105,-0.0007727368420685784,275.7593087979103,8.511355582896906,-0.00081689858254626,0.022343184337812228,3.9886529082879334,40
446,6666383417.157004,164.43024710332992,27037.306162462137,-6.093713521969513e-05,50.8631892996005,4.9609519428366164,-3.562757468328094e-05,0.031112121991098814,7.702448816764992,4
447,7381885923.29117,176.67678311894772,31214.685693259697,-0.0007615798761821268,246.6229788668811,8.123773688695069,-0.0007643626387237802,0.02292527435345117,3.9956546925013576,39
448,7412520520.771237,177.32193583684722,31443.06892892696,-0.000717540796514595,234.00489296464318,8.033305321414847,-0.0007898539888946518,0.023027036527953626,4.0903678556185685,38
449,7911148489.296244,183.30408228590062,33600.38658267622,-0.0008246821982419925,225.53578815993285,7.9859624241807134,-0.0008485113222744307,0.024306457218376883,3.8299036634048,37
450,8660225124.11368,192.48698524675387,37051.23948938404,-0.0007704918349508117,216.5991337056238,7.809297296962005,-0.0008106975560593617,0.026349748432338737,4.842354645532589,36
451,7087644806.172817,170.2913819389925,28999.15476269181,4.188743071243901e-05,65.13885056013329,5.402719845477061,-1.0477030987044278e-05,0.02215949771166509,4.243921334090027,35
452,7092421163.772241,170.46145932319558,29057.109114593462,-1.1011851936811121e-05,76.11687652804251,5.601022645825808,-4.760929840308427e-05,0.02245624508904325,4.4228098894395815,34
453,7305220740.39822,172.33671445994526,29699.943150848685,3.317911062279079e-05,75.22298654500918,5.638040646739651,-7.450447293891583e-06,0.02315424804135832,4.570062642284476,33
454,7519564774.1097145,175.40745211944068,30767.774259033882,4.069700956614301e-05,73.55629612519337,5.660468929275131,1.3304008700504125e-05,0.023570554395472364,4.825377260483701,32
455,8044602027.830235,181.90677912172126,33090.076290438665,5.724547587831452e-06,54.31031956596488,5.178424410603168,4.160578519199437e-05,0.025158383582226967,4.792925592573901,31
456,6809293539.480935,166.70955972065252,27792.077302253805,-1.7139836080281837e-05,54.09363788988954,5.1068354569681285,1.3602504489911742e-05,0.022450103154844782,4.735124183263794,30
457,7043935297.582073,170.0531923200709,28918.088218247016,-0.00012887685514356592,49.411610145217296,4.881310085111637,-7.694270221631318e-05,0.034453785608119084,8.982864766225166,3
458,6804835499.559058,166.3632596889786,27676.734174342528,2.840734867955543e-05,59.323070473295175,5.2324469520323635,2.1062159684459563e-05,0.02265988899057405,4.84347476570731,29
459,7026433264.4555855,169.82137889497147,28839.300729789462,-1.63420516047499e-06,53.34385723900589,5.04581997517945,-6.092358038098163e-06,0.02355217577484401,4.846912223811397,28
460,7020629965.210289,169.95488397225824,28884.662586023765,4.990934964946975e-05,54.646097075574026,5.0917175413943605,-1.3937527488721848e-05,0.02380516894693107,4.861333437038079,27
461,7356491522.205595,172.34272267341672,29702.014058486224,9.075630269169668e-06,45.23407913965622,4.7685591548044775,-1.727767444517134e-05,0.02507108660787943,5.159175920222833,26
462,7619711689.10288,178.6868970623881,31929.007181784502,9.907525649911541e-06,68.07970764247925,5.493211121872048,-2.24528190352868e-05,0.024312058706812585,4.509225307306989,25
463,7823833241.871459,181.19015063067212,32829.870685565664,1.805573479339267e-05,68.94912702455116,5.531317679204742,-2.2695344486074105e-05,0.024875350872374503,4.923432046975705,24
464,7864832664.341241,180.23277464290402,32483.85305547982,-1.588780995536463e-05,70.55496274750723,5.527922957686132,1.1728468401164465e-05,0.02523237554515758,4.923851495498896,23
465,7843784513.139556,180.90782529835587,32727.64125418045,-3.0248691074395587e-05,67.28626508785953,5.626340113662226,-6.216938651719857e-05,0.02519328691704514,5.258916705307572,22
466,8011476577.538556,181.67923512796588,33007.34447668272,6.5364023365181095e-06,60.660503344499425,5.356289194855945,-9.409298801858458e-05,0.02658140576213413,5.577792840120026,21
467,7311655999.04126,174.2843761182613,30375.043758931573,-2.150835160661452e-05,60.328334011494476,5.28549351417241,3.377305782215738e-05,0.025425734884825614,5.37539179751742,20
468,7008928063.307757,169.92985677974437,28876.156225184433,-0.0001127202269196541,50.2495474490262,4.9184625579666985,-3.313809316516114e-05,0.037857932066342304,11.808872210358171,2
469,7459099328.631035,176.07441851518357,31002.20085546001,-1.3579562665365238e-05,53.25817999493829,5.149917990174908,-1.4468313500479636e-05,0.02533228094115865,5.377345776407397,19
470,7492038785.327951,175.166322736271,30683.240620947472,-8.737080488319067e-05,49.75089713110106,5.044396607742971,-3.0061588952453246e-05,0.025731342925365996,5.049819974370524,18
471,7732539308.748827,179.39189699678914,32181.4527081066,-5.721452127703906e-05,53.5359931900278,5.16835886563013,-3.9961984670106105e-05,0.026927324108204947,5.6069016582702425,17
472,8141155837.210321,182.9909870698331,33485.701348791816,-4.357567332673321e-05,44.70279701046242,4.975237170761387,-3.56860182183391e-05,0.02844864199079545,6.141265316505897,16
473,7631398449.305884,177.76335085202373,31599.808906139686,-6.554959885639101e-05,60.40715234491265,5.154266765873149,-5.799626698940868e-05,0.02619094247359865,5.325456890556639,15
474,7960789701.163023,181.67284615708897,33005.02303081731,-2.1192112715516025e-05,54.83638956995711,4.922456078736999,-4.800147126489548e-05,0.02727583564779876,5.614501099242664,14
475,7102077674.2130575,171.53825981471257,29425.374580259824,-7.084675239676321e-05,58.52546825232401,5.197157505951156,-4.765164713646468e-05,0.02618264123240296,5.822449359126552,13
476,7430333751.863952,174.79045655997788,30551.703704445503,-5.273416609489416e-05,53.25399845197163,5.05128868509499,-3.083189453005874e-05,0.027857777875024057,6.555171733477013,12
477,7558065544.5686035,175.8292579234141,30915.927941898488,-5.078067982203849e-05,50.901065382257954,5.066163001009096,-1.308868841087721e-05,0.028849564942692217,6.051974253475589,11
478,7333826660.534038,175.55896766773503,30820.951128560835,-2.593284400225196e-05,68.62136892461821,5.151939237811384,-4.943638180797729e-05,0.0272223808684224,6.2139079841082046,10
479,8132782951.19077,183.71414483666908,33750.88701306862,-8.437676488442577e-05,38.473946071218535,4.606540442594033,-6.675648108494615e-05,0.05480011874063437,19.249654763915178,1
