,/'Untitled'/'AE_RAW_Futter'_fft_standarddeviation,/'Untitled'/'AE_RAW_Futter'_fft_energy,/'Untitled'/'AE_RAW_Futter'_fft_variance,/'Untitled'/'AE_RAW_Aufnahme'_fft_skewness,/'Untitled'/'AE_RAW_Futter'_fft_mean,/'Untitled'/'AE_RAW_Aufnahme'_fft_kurtosis,/'Untitled'/'AE_RAW_Futter'_fft_skewness,/'Untitled'/'AE_RAW_Futter'_fft_kurtosis,/'Untitled'/'AE_RAW_Aufnahme'_fft_energy,Reihenfolge
400,171.9484940073441,7105664676.099477,29566.284591393636,5.23063012359541,105.0595714713622,71.33691256823306,3.819226903408628,19.850521995269123,7906981635.716389,9
401,144.44145219023105,5104727713.860491,20863.3331108228,10.046872690944298,91.14021911213848,387.8394742579332,4.155942555651336,25.01374077031229,7155534716.576476,80
402,171.72826993997512,7050902968.254289,29490.598696576963,5.391789727989478,103.9243735017597,78.58796030837392,3.8298263847324283,20.086749044500227,7913241162.557225,8
403,142.81017140346373,5040866181.832848,20394.745056286687,11.286758012757733,91.70716740902382,510.56507610858773,4.0141035217977885,22.128598192903482,7228843570.905604,79
404,143.41891157785756,5009121224.776907,20568.984198177324,9.384265838800848,89.74723203358816,328.8100878324827,4.060806703328762,22.687522254228156,7016779879.430557,78
405,144.84360794480855,5125799460.832915,20979.6707624694,9.513984413361312,91.16255739535582,353.17899165493964,4.041098659949803,22.78147620541936,7329222940.268988,77
406,146.1824927640491,5239702343.535301,21369.32119071126,9.235436297309832,92.58420522995205,336.59688507041614,4.0166295369488365,22.39335745835114,7884814073.494209,76
407,125.35126145118556,3923587526.7710295,15712.938747403477,12.65020576804354,81.89970333019417,633.6985513775966,3.6842989867395697,18.264956762995602,5646358550.806897,75
408,124.53441262643936,3845688109.982279,15508.819928212259,12.450436329300587,80.41480398693953,621.0655935661746,3.5587445437834453,16.830753271658374,5593496567.358131,74
409,126.87035741764144,4037224220.899065,16096.087591280091,12.598451458903446,83.50907195970807,625.5619040456303,3.5730866431599733,17.12325074628551,5749352850.247373,73
410,126.81144948320295,4038013996.099861,16081.143720030936,12.122728682939913,83.62548637806702,593.2648554201993,3.5696324093451235,17.44191128543176,5766018009.36445,72
411,129.56538788436478,4258127337.936207,16787.1897376259,11.96282329356481,86.86176649799629,583.6548443163965,3.620026414415685,18.23408261083499,5941865349.520929,71
412,136.21929254486977,4564794664.065959,18555.695661424816,9.829287827246471,86.76891883672957,365.06445786710736,3.930471830657189,21.384564954749173,7047615513.415881,70
413,170.60047100553143,6931148171.4190035,29104.52070730917,5.382144875391437,102.47946268510559,76.3450663009045,3.845991060835384,20.249212250415408,7979441936.346631,7
414,139.07292089692808,4698880875.55326,19341.277326803214,9.892872378498481,86.65720127895388,374.71128344630546,3.907326582345407,20.59964903583517,7241878307.049347,69
415,141.36521809978746,4856513453.216981,19984.124888400474,9.177788358179212,88.13274396360116,307.3955050820205,3.9436818517377623,21.093813247868255,7524224048.374631,68
416,142.40549891766295,4862670657.966139,20279.32612198851,9.330885535209694,86.64504228231255,325.996949918581,4.011721190294813,22.029134686651613,7472827242.567383,67
417,146.92461855275846,5360304129.979503,21586.84353687357,8.880379214851411,95.0971386388413,300.85413946261724,3.850189388686096,19.93702634083195,8108690423.608092,66
418,145.1702213786333,5223637815.112694,21074.393175121393,8.6062731102014,93.6747872609261,259.8820961745154,3.5703857845625,17.277398244687742,8187909327.707746,65
419,144.77987499972338,5243347421.842567,20961.212204935524,8.691353257530336,94.87240411592977,261.4855137934826,3.572691814575398,17.279680880560857,8402296876.086655,64
420,145.24494477868734,5330344448.130001,21096.093983763934,8.739279440776983,96.76268468995428,277.07333743466586,3.5307436380304336,16.785040539308895,8554063841.519747,63
421,147.05576864642237,5452156783.733521,21625.39909219009,8.138913375087661,97.6206050439369,227.74642756215061,3.4625905990584664,15.830232444733264,8685841106.236048,62
422,149.26413863487102,5636980267.563012,22279.78308240999,8.62858237229547,99.65707567571816,284.4729311338231,3.4841853383669963,16.34793653286431,8980058178.81403,61
423,157.5883755147787,6152465826.6846075,24834.0960973869,8.500947390248783,101.60143445674385,280.1513454285316,3.5485382509663626,16.498875856012834,8213569821.792858,60
424,171.21219046209328,7152876210.7635765,29313.61416282811,4.9521943992520345,107.51727388839576,60.15648506378145,3.7077816802486874,18.571118772871664,8495692071.962213,6
425,156.96765290579975,6167183520.570567,24638.844058755625,8.170402386448044,102.96700748404328,248.0444495413253,3.6338755803862512,17.60409720832071,8345683218.24655,59
426,158.41326237950503,6382177885.601326,25094.761697717906,8.391050695817652,106.65283034220872,271.1801729929143,3.59721420066352,17.85697641458381,8412788792.063297,58
427,157.74913871325037,6290756856.5732355,24884.79076477231,8.415599559568797,105.17790296820448,271.1302955961834,3.589959252135814,17.294056018405257,8694048151.71318,57
428,160.5380985496444,6407033229.746718,25772.481085935327,8.339588592399371,104.1111779289822,274.2172506846503,3.6164916348277254,17.485207325949162,8544310697.847404,56
429,151.97200056040018,5656615696.767677,23095.488954330278,9.13192692342051,96.06263224018795,323.075097065938,3.869847550022131,20.87128485193722,7650131531.268166,55
430,151.59189696991618,5715091894.422639,22980.10322693768,8.661670857112995,98.37461431279762,283.6963410561322,3.800853110451297,19.84838135900242,7782935140.82648,54
431,151.1551889784529,5548361806.251665,22847.89115511181,9.107234220382004,94.1118135625945,314.7551555107284,3.7843515418016405,19.459134010523783,7762596236.117349,53
432,153.27883481442737,5708282786.831511,23494.40120206851,9.19697911606357,95.52150323265327,329.30194086914,3.96227529341317,22.31850797702884,7944728784.458896,52
433,154.16081243465396,5886111601.933435,23765.55609051256,8.592356094585426,99.34468958684765,277.1824757920846,3.8088882324565088,20.438787304002076,8711457685.397625,51
434,143.47521743680218,5217712667.652606,20585.138018537662,8.222545472993236,96.07477785286423,241.106710848728,3.6409568713665816,18.337680057037907,9046116304.223787,50
435,164.0413177624249,6621436479.111156,26909.553933232866,4.982762165868787,104.53337240997404,53.23447680411943,3.8979381376624613,21.576025954343848,10142629138.38913,5
436,144.90567913492362,5316679816.820917,20997.655845553443,7.477618231335933,96.86780517353279,177.94707735408596,3.65851400762967,18.80907028093785,9026400225.210508,49
437,143.0288394017277,5177231908.309057,20457.24890060521,8.271125789557027,95.53498538540424,237.95730143270927,3.5478909548124675,17.37330472897369,9360290380.90676,48
438,146.12502453904543,5417399882.160525,21352.522796536632,7.6576203022112255,98.00024468676786,191.36713206115678,3.552484475765779,17.556772633702778,9727057580.023315,47
439,148.85929380296983,5562457977.452639,22159.08935151889,7.637641042346168,98.1141417194959,190.1923668905616,3.6305683392431067,19.134222182644397,9787130593.312193,46
440,151.59389384539332,5637610852.6671715,22980.708651208373,8.163091339914889,96.09479958296271,245.0323434088376,3.9885253886542182,22.71264320453522,8986142647.097954,45
441,151.91407831655192,5655701684.302507,23077.887190767462,7.971501037891301,96.12704171097772,229.93530778646652,3.9481349717026415,21.210717318391584,8975642084.859476,44
442,154.68885420116447,5840748723.97004,23928.64161406912,8.075965928426008,97.19601524777357,238.4931469402545,4.091656923405283,23.779209364390024,9246244307.098705,43
443,156.3986200346503,5914863946.627877,24460.52834874292,7.638382369468148,96.6369194636108,191.2851798920097,4.054975395139463,23.15933361303556,9585068224.508266,42
444,161.8999692949973,6413546073.396251,26211.600057721073,7.5379744517790535,102.1627850413269,196.05037284791962,3.9660745774811437,22.201871615066587,10701178768.970644,41
445,174.1839679194416,7186073965.141212,30340.05468016105,8.511355582896906,103.55300633321,275.7593087979103,4.213738157374493,23.7938596946007,8615173350.135065,40
446,164.43024710332992,6666383417.157004,27037.306162462137,4.9609519428366164,105.14900553095737,50.8631892996005,3.929949583046697,22.085342328694853,10081216925.02785,4
447,176.67678311894772,7381885923.29117,31214.685693259697,8.123773688695069,104.72592602927813,246.6229788668811,4.223707956033591,24.273181711316376,8736002016.226368,39
448,177.32193583684722,7412520520.771237,31443.06892892696,8.033305321414847,104.47100645521627,234.00489296464318,4.260383584409073,24.90703796910921,8843640861.275265,38
449,183.30408228590062,7911148489.296244,33600.38658267622,7.9859624241807134,107.73196467763096,225.53578815993285,4.3383479123150765,26.093793361389764,9425119470.574228,37
450,192.48698524675387,8660225124.11368,37051.23948938404,7.809297296962005,111.5157442688567,216.5991337056238,4.376946799585088,27.666928682842787,10418159365.088856,36
451,170.2913819389925,7087644806.172817,28999.15476269181,5.402719845477061,107.2458516733997,65.13885056013329,3.831682974975698,20.512227042640752,8595136049.398146,35
452,170.46145932319558,7092421163.772241,29057.109114593462,5.601022645825808,107.1028095861537,76.11687652804251,3.8265697443569793,20.398198456529588,8811941843.921614,34
453,172.33671445994526,7305220740.39822,29699.943150848685,5.638040646739651,109.74595831151407,75.22298654500918,3.758344721990515,19.48164293832561,9171762130.5845,33
454,175.40745211944068,7519564774.1097145,30767.774259033882,5.660468929275131,110.45889419737692,73.55629612519337,3.7659304535171603,19.18094506795616,9421477287.549507,32
455,181.90677912172126,8044602027.830235,33090.076290438665,5.178424410603168,113.48602625127701,54.31031956596488,3.7714624899187177,19.572816292109174,10096401865.635069,31
456,166.70955972065252,6809293539.480935,27792.077302253805,5.1068354569681285,105.44274036072879,54.09363788988954,3.750857235098259,18.620607935976878,9854697278.110876,30
457,170.0531923200709,7043935297.582073,28918.088218247016,4.881310085111637,106.45642594545002,49.411610145217296,4.003496972954242,23.39504638003671,10505107574.279318,3
458,166.3632596889786,6804835499.559058,27676.734174342528,5.2324469520323635,105.86803157163205,59.323070473295175,3.79473178872194,19.531119965830488,9795417184.724182,29
459,169.82137889497147,7026433264.4555855,28839.300729789462,5.04581997517945,106.35669464434766,53.34385723900589,3.7800497854938935,18.872920270423275,10057746813.778948,28
460,169.95488397225824,7020629965.210289,28884.662586023765,5.0917175413943605,105.9868998011718,54.646097075574026,3.810214989310516,19.464117210243888,10125839224.089249,27
461,172.34272267341672,7356491522.205595,29702.014058486224,4.7685591548044775,111.06340690847368,45.23407913965622,3.730949774553479,18.960804419190325,10725427378.407578,26
462,178.6868970623881,7619711689.10288,31929.007181784502,5.493211121872048,107.75992979875194,68.07970764247925,3.9533120516868183,21.044093609567074,8109452410.974328,25
463,181.19015063067212,7823833241.871459,32829.870685565664,5.531317679204742,108.98508081115558,68.94912702455116,3.981386330960455,21.470932472949073,8307709991.34516,24
464,180.23277464290402,7864832664.341241,32483.85305547982,5.527922957686132,111.61562562478865,70.55496274750723,3.8613674703583882,19.568414931469206,8427966045.2817,23
465,180.90782529835587,7843784513.139556,32727.64125418045,5.626340113662226,109.97265357891676,67.28626508785953,3.9129498711904023,20.375729592904836,8823920482.988014,22
466,181.67923512796588,8011476577.538556,33007.34447668272,5.356289194855945,113.01558158360494,60.660503344499425,3.85471068686827,20.33604157405949,9137820131.592165,21
467,174.2843761182613,7311655999.04126,30375.043758931573,5.28549351417241,106.79816320593426,60.328334011494476,3.9998225997281303,22.225830188295078,9631041217.44758,20
468,169.92985677974437,7008928063.307757,28876.156225184433,4.9184625579666985,105.71121643151837,50.2495474490262,4.004258732973021,23.081812033033934,10495246004.346058,2
469,176.07441851518357,7459099328.631035,31002.20085546001,5.149917990174908,107.80178050280294,53.25817999493829,3.9408428835258666,21.12332002385365,9589444101.563835,19
470,175.166322736271,7492038785.327951,30683.240620947472,5.044396607742971,110.12905874893559,49.75089713110106,3.99299552376212,22.471206574097547,9939328233.600992,18
471,179.39189699678914,7732539308.748827,32181.4527081066,5.16835886563013,109.5649861909796,53.5359931900278,3.917453069296437,21.189815833430593,10686263372.745766,17
472,182.9909870698331,8141155837.210321,33485.701348791816,4.975237170761387,114.17175285311552,44.70279701046242,3.9810314975427294,22.54348659093505,11651735794.719198,16
473,177.76335085202373,7631398449.305884,31599.808906139686,5.154266765873149,109.58185174905137,60.40715234491265,3.864892834909826,19.79194399436004,9393550290.597998,15
474,181.67284615708897,7960789701.163023,33005.02303081731,4.922456078736999,111.73720881144017,54.83638956995711,3.9340552828453954,21.24095296893248,9754221586.98621,14
475,171.53825981471257,7102077674.2130575,29425.374580259824,5.197157505951156,105.63108640567577,58.52546825232401,3.9260689302515237,20.980652651203297,9390820542.39373,13
476,174.79045655997788,7430333751.863952,30551.703704445503,5.05128868509499,109.12078769054793,53.25399845197163,3.903381325006678,20.859015033536235,9780492662.998795,12
477,175.8292579234141,7558065544.5686035,30915.927941898488,5.066163001009096,110.7836541510747,50.901065382257954,3.8075779270439263,19.804159241204832,10612016687.991009,11
478,175.55896766773503,7333826660.534038,30820.951128560835,5.151939237811384,105.29306619515141,68.62136892461821,3.8240636737718083,19.51584022549541,7863190747.313716,10
479,183.71414483666908,8132782951.19077,33750.88701306862,4.606540442594033,112.79254595188118,38.473946071218535,4.10712253435161,25.40594925810384,11956273196.42238,1
